Ionic radius ,Temperature,Frequency,Re(Z),Img(Z)
1.82e-10,20,1000000.0,4565.279999999984,11632.199999999937
1.82e-10,20,926000.0,4812.939999999998,12171.399999999983
1.82e-10,20,858000.0,4751.8400000000065,12946.800000000367
1.82e-10,20,794000.0,5424.639999999975,13942.400000000198
1.82e-10,20,736000.0,6048.53999999997,13825.20000000002
1.82e-10,20,681000.0,6704.479999999959,15558.199999999817
1.82e-10,20,631000.0,7174.839999999961,15253.19999999981
1.82e-10,20,584000.0,7972.69999999998,16315.800000000167
1.82e-10,20,541000.0,8440.879999999976,16673.400000000183
1.82e-10,20,501000.0,9587.980000000023,17963.80000000049
1.82e-10,20,464000.0,10620.579999999989,18987.6000000001
1.82e-10,20,430000.0,11128.619999999988,18861.000000000076
1.82e-10,20,398000.0,13193.580000000025,20375.400000000438
1.82e-10,20,369000.0,13467.960000000028,20620.200000000415
1.82e-10,20,341000.0,14731.540000000068,21463.1999999999
1.82e-10,20,316000.0,15471.000000000091,22159.399999999812
1.82e-10,20,293000.0,16169.000000000044,22572.600000000508
1.82e-10,20,271000.0,17541.39999999999,23346.000000000447
1.82e-10,20,251000.0,19417.199999999986,24239.199999999615
1.82e-10,20,233000.0,19796.399999999987,24387.19999999966
1.82e-10,20,215000.0,20718.399999999976,24562.600000000537
1.82e-10,20,200000.0,20727.39999999997,24470.80000000051
1.82e-10,20,185000.0,22451.000000000076,25283.199999999746
1.82e-10,20,171000.0,23816.000000000135,25886.79999999935
1.82e-10,20,158000.0,24537.600000000144,26070.399999999216
1.82e-10,20,147000.0,26337.200000000135,26563.799999999166
1.82e-10,20,136000.0,27829.000000000124,27096.19999999931
1.82e-10,20,126000.0,28933.20000000004,27707.800000000305
1.82e-10,20,117000.0,29867.599999999915,28191.200000000485
1.82e-10,20,108000.0,30202.59999999993,28269.40000000047
1.82e-10,20,100000.0,32002.20000000007,29156.599999999857
1.82e-10,20,92600.0,33762.0000000002,29962.79999999941
1.82e-10,20,85800.0,34247.20000000031,30248.599999999336
1.82e-10,20,79400.0,35542.00000000026,30836.600000000217
1.82e-10,20,73600.0,36125.60000000025,31159.80000000028
1.82e-10,20,68100.0,37449.2000000001,32073.399999999685
1.82e-10,20,63100.0,38130.6,32576.99999999951
1.82e-10,20,58400.0,39019.99999999986,33274.799999999865
1.82e-10,20,54100.0,39295.999999999854,33446.199999999924
1.82e-10,20,50100.0,40586.999999999854,34345.00000000003
1.82e-10,20,46400.0,43064.99999999977,36150.80000000026
1.82e-10,20,43000.0,44009.599999999744,36798.99999999985
1.82e-10,20,39800.0,45436.399999999805,38081.80000000015
1.82e-10,20,36900.0,46449.60000000017,38806.80000000021
1.82e-10,20,34100.0,48036.59999999995,40319.40000000032
1.82e-10,20,31600.0,49623.60000000011,41574.999999999476
1.82e-10,20,29300.0,50488.00000000018,42521.99999999919
1.82e-10,20,27100.0,52526.199999999604,44364.79999999966
1.82e-10,20,25100.0,54180.399999999696,45879.80000000006
1.82e-10,20,23300.0,55143.6000000001,46783.60000000026
1.82e-10,20,21500.0,56846.99999999987,48501.20000000013
1.82e-10,20,19900.0,58708.00000000014,50553.20000000006
1.82e-10,20,18500.0,59883.20000000016,51747.20000000001
1.82e-10,20,17100.0,61165.400000000176,52962.20000000001
1.82e-10,20,15800.0,63540.000000000124,55257.80000000004
1.82e-10,20,14700.0,64762.600000000035,56422.59999999993
1.82e-10,20,13600.0,67877.9999999998,59477.59999999963
1.82e-10,20,12600.0,70062.99999999965,61677.99999999944
1.82e-10,20,11700.0,72379.99999999964,63742.59999999934
1.82e-10,20,10800.0,77954.8000000001,68231.59999999931
1.82e-10,20,10000.0,81590.20000000026,71715.59999999925
1.82e-10,20,9260.0,83799.19999999981,73490.99999999936
1.82e-10,20,8570.0,89480.59999999958,77519.79999999933
1.82e-10,20,7940.0,92655.99999999943,79691.99999999946
1.82e-10,20,7350.0,96478.59999999932,82152.80000000002
1.82e-10,20,6810.0,101211.79999999993,84470.19999999883
1.82e-10,20,6310.0,103528.40000000049,85919.9999999991
1.82e-10,20,5840.0,103916.40000000049,85959.5999999991
1.82e-10,20,5410.0,108699.60000000056,87553.59999999897
1.82e-10,20,5010.0,115013.60000000066,89599.99999999885
1.82e-10,20,4640.0,127516.60000000079,93775.99999999865
1.82e-10,20,4300.0,132624.20000000048,95145.59999999902
1.82e-10,20,3980.0,140694.4,96708.99999999936
1.82e-10,20,3690.0,144565.99999999965,97087.20000000064
1.82e-10,20,3420.0,151727.9999999992,97185.40000000138
1.82e-10,20,3160.0,160312.00000000087,96257.40000000145
1.82e-10,20,2930.0,164796.00000000064,95549.20000000147
1.82e-10,20,2710.0,171405.99999999983,94374.20000000023
1.82e-10,20,2510.0,180682.00000000087,91760.79999999925
1.82e-10,20,2330.0,184874.00000000058,90536.99999999948
1.82e-10,20,2150.0,191711.99999999919,88070.40000000125
1.82e-10,20,2000.0,195260.00000000047,86457.60000000127
1.82e-10,20,1850.0,200419.9999999995,83198.200000001
1.82e-10,20,1710.0,204889.9999999987,80129.80000000107
1.82e-10,20,1580.0,211572.00000000148,75874.40000000085
1.82e-10,20,1470.0,214240.00000000186,74133.20000000071
1.82e-10,20,1360.0,219201.99999999884,69130.7999999994
1.82e-10,20,1260.0,221672.0000000005,66549.39999999934
1.82e-10,20,1170.0,223448.0000000007,64442.399999999645
1.82e-10,20,1080.0,229181.99999999968,57277.00000000061
1.82e-10,20,1000.0,231299.9999999993,54804.99999999944
1.82e-10,20,926.0,233315.99999999994,51211.19999999941
1.82e-10,20,858.0,234421.9999999991,48655.59999999953
1.82e-10,20,794.0,236051.99999999968,44603.199999999655
1.82e-10,20,736.0,236841.9999999998,42608.599999999664
1.82e-10,20,681.0,239072.00000000038,37130.79999999926
1.82e-10,20,631.0,239910.000000001,34640.19999999957
1.82e-10,20,584.0,241518.0000000002,30855.39999999918
1.82e-10,20,541.0,241204.0000000008,29099.199999999444
1.82e-10,20,501.0,241112.00000000116,25391.199999999502
1.82e-10,20,464.0,241272.0000000008,22712.39999999952
1.82e-10,20,430.0,241318.00000000073,21657.799999999595
1.82e-10,20,398.0,241857.99999999983,17682.399999999667
1.82e-10,20,369.0,241855.9999999998,15786.600000000082
1.82e-10,20,341.0,241062.00000000137,13215.00000000003
1.82e-10,20,316.0,241016.00000000148,11427.239999999701
1.82e-10,20,293.0,240944.00000000146,10780.620000000123
1.82e-10,20,271.0,240342.00000000067,9260.160000000113
1.82e-10,20,251.0,238711.99999999924,5909.279999999829
1.82e-10,20,233.0,238079.99999999927,4775.879999999896
1.82e-10,20,215.0,237212.0000000007,3602.770000000198
1.82e-10,20,200.0,236932.00000000064,3230.5100000001944
1.82e-10,20,185.0,235199.99999999933,535.2299999999308
1.82e-10,20,171.0,234363.99999999907,-272.0700000002218
1.82e-10,20,159.0,233937.99999999895,-714.7100000002384
1.82e-10,20,147.0,232001.9999999997,-1645.020000000247
1.82e-10,20,136.0,230768.0,-3048.469999999734
1.82e-10,20,126.0,229824.00000000195,-3622.4999999997044
1.82e-10,20,117.0,229192.00000000186,-3621.1599999996397
1.82e-10,20,108.0,227550.00000000064,-4371.819999999908
1.82e-10,20,100.0,226030.00000000157,-4624.599999999845
1.82e-10,20,92.6,225016.00000000073,-4574.680000000072
1.82e-10,20,85.8,224482.00000000026,-4566.540000000126
1.82e-10,20,79.4,222645.9999999992,-4718.220000000233
1.82e-10,20,73.6,222078.0000000004,-4836.639999999927
1.82e-10,20,68.1,220001.99999999846,-4560.099999999916
1.82e-10,20,63.1,219133.99999999788,-4136.879999999763
1.82e-10,20,58.4,217317.99999999945,-3459.4599999998795
1.82e-10,20,54.1,216310.00000000058,-3328.559999999987
1.82e-10,20,50.1,214854.00000000186,-3784.594000000248
1.82e-10,20,46.4,213892.00000000096,-1936.4860000001954
1.82e-10,20,43.0,213243.9999999997,-1578.6260000001382
1.82e-10,20,39.8,212465.99999999884,-861.9040000003918
1.82e-10,20,36.9,211893.99999999927,-99.12400000023123
1.82e-10,20,34.1,211316.00000000058,938.6200000002405
1.82e-10,20,31.6,210216.0000000012,2829.2500000003133
1.82e-10,20,29.3,209760.0000000014,3846.0880000003226
1.82e-10,20,27.1,207356.00000000116,8373.085999999903
1.82e-10,20,25.1,207014.00000000114,9089.563999999897
1.82e-10,20,23.3,206812.00000000096,9572.74599999986
1.82e-10,20,21.6,206434.0000000005,11869.99999999961
1.82e-10,20,20.0,205463.99999999886,13136.699999999457
1.82e-10,20,18.5,204903.99999999814,14484.899999999432
1.82e-10,20,17.1,204143.99999999744,18685.399999999503
1.82e-10,20,15.8,204273.9999999975,21068.199999999473
1.82e-10,20,14.7,204687.99999999776,22373.199999999862
1.82e-10,20,13.6,204355.99999999756,26136.400000000216
1.82e-10,20,12.6,204881.99999999814,28116.40000000019
1.82e-10,20,11.7,205221.9999999986,29616.200000000066
1.82e-10,20,10.8,206353.99999999962,35350.9999999994
1.82e-10,20,10.0,207699.9999999989,40068.99999999943
1.82e-10,20,9.26,208555.9999999991,42522.19999999947
1.82e-10,20,8.58,208849.99999999904,43356.99999999951
1.82e-10,20,7.94,210908.0000000008,48233.79999999982
1.82e-10,20,7.36,211631.99999999924,50476.80000000038
1.82e-10,20,6.81,213860.00000000087,54878.800000000745
1.82e-10,20,6.31,215908.00000000026,57945.40000000054
1.82e-10,20,5.84,218542.00000000087,61722.99999999973
1.82e-10,20,5.41,221320.00000000114,65615.59999999926
1.82e-10,20,5.01,224774.00000000105,70109.19999999984
1.82e-10,20,4.64,228674.00000000148,73967.4000000007
1.82e-10,20,4.3,231170.00000000102,76393.20000000084
1.82e-10,20,3.98,236478.0000000011,81785.20000000115
1.82e-10,20,3.69,240826.0000000005,85921.40000000114
1.82e-10,20,3.41,244977.99999999916,89574.40000000093
1.82e-10,20,3.16,249110.00000000073,93396.00000000076
1.82e-10,20,2.93,252166.00000000012,95279.00000000057
1.82e-10,20,2.71,259098.00000000073,99039.39999999934
1.82e-10,20,2.51,261969.99999999994,100812.40000000031
1.82e-10,20,2.33,265425.99999999977,103040.40000000013
1.82e-10,20,2.15,275605.9999999997,108877.99999999901
1.82e-10,20,2.0,279130.0000000009,109811.39999999964
1.82e-10,20,1.85,284182.0000000002,110991.60000000078
1.82e-10,20,1.71,290524.00000000093,113357.9999999998
1.82e-10,20,1.58,297964.00000000244,115892.00000000099
1.82e-10,20,1.47,300220.00000000274,116850.00000000137
1.82e-10,20,1.36,307704.0000000022,120322.00000000212
1.82e-10,20,1.26,311862.0000000011,120682.00000000212
1.82e-10,20,1.17,314998.0000000007,120450.00000000176
1.82e-10,20,1.08,323756.0000000004,119456.00000000063
1.82e-10,20,1.0,326681.9999999983,119874.00000000076
1.82e-10,60,1000000.0,4489.959999999991,11847.200000000072
1.82e-10,60,926000.0,4701.720000000027,12384.19999999971
1.82e-10,60,858000.0,5285.199999999989,12774.800000000074
1.82e-10,60,794000.0,5835.299999999973,13939.000000000446
1.82e-10,60,736000.0,6373.299999999979,14270.199999999704
1.82e-10,60,681000.0,7336.620000000014,15342.79999999994
1.82e-10,60,631000.0,7948.8599999999515,15579.600000000297
1.82e-10,60,584000.0,8867.879999999981,16129.200000000234
1.82e-10,60,541000.0,9303.260000000017,16734.60000000028
1.82e-10,60,501000.0,10517.840000000026,17586.40000000023
1.82e-10,60,464000.0,11593.659999999969,18234.399999999885
1.82e-10,60,430000.0,12285.159999999954,18616.599999999635
1.82e-10,60,398000.0,13732.000000000044,19320.40000000058
1.82e-10,60,369000.0,14470.200000000052,19738.20000000047
1.82e-10,60,341000.0,15680.399999999943,20363.999999999636
1.82e-10,60,316000.0,16755.79999999991,20666.200000000266
1.82e-10,60,293000.0,17267.599999999937,20725.600000000322
1.82e-10,60,271000.0,18886.4,21443.400000000398
1.82e-10,60,251000.0,20608.59999999989,22112.000000000786
1.82e-10,60,233000.0,21175.40000000002,22276.400000000755
1.82e-10,60,215000.0,22440.80000000006,22317.000000000302
1.82e-10,60,200000.0,22677.000000000076,22373.60000000023
1.82e-10,60,185000.0,23358.600000000093,22512.200000000055
1.82e-10,60,171000.0,25862.40000000013,23418.599999999595
1.82e-10,60,158000.0,27103.200000000008,23725.399999999612
1.82e-10,60,147000.0,27998.799999999934,23980.799999999635
1.82e-10,60,136000.0,29161.999999999778,24214.600000000086
1.82e-10,60,126000.0,30074.399999999812,24398.40000000005
1.82e-10,60,117000.0,31425.199999999913,24972.199999999768
1.82e-10,60,108000.0,32438.0000000001,25170.400000000478
1.82e-10,60,100000.0,33746.59999999997,25579.000000000717
1.82e-10,60,92600.0,35135.20000000013,25895.39999999989
1.82e-10,60,85800.0,35304.00000000018,25796.000000000015
1.82e-10,60,79400.0,37038.000000000124,26518.7999999996
1.82e-10,60,73600.0,38111.2000000002,26780.600000000246
1.82e-10,60,68100.0,39169.00000000015,27190.799999999956
1.82e-10,60,63100.0,40180.20000000018,27723.399999999627
1.82e-10,60,58400.0,42073.79999999976,28692.600000000275
1.82e-10,60,54100.0,42203.59999999975,28682.600000000337
1.82e-10,60,50100.0,42614.39999999976,28713.20000000027
1.82e-10,60,46400.0,45042.59999999995,29799.599999999526
1.82e-10,60,43000.0,46247.40000000012,30588.799999999384
1.82e-10,60,39800.0,47466.40000000024,31298.00000000033
1.82e-10,60,36900.0,47878.00000000022,31243.800000000258
1.82e-10,60,34100.0,49418.00000000004,31834.79999999968
1.82e-10,60,31600.0,51733.80000000021,33126.39999999961
1.82e-10,60,29300.0,53177.79999999974,34043.4000000002
1.82e-10,60,27100.0,54248.199999999975,34258.79999999996
1.82e-10,60,25100.0,57607.199999999866,36327.999999999556
1.82e-10,60,23300.0,58464.20000000016,36845.19999999957
1.82e-10,60,21500.0,60874.80000000018,37741.79999999973
1.82e-10,60,19900.0,62101.79999999995,38347.00000000022
1.82e-10,60,18500.0,64132.00000000013,39367.79999999982
1.82e-10,60,17100.0,66606.9999999998,40069.39999999992
1.82e-10,60,15800.0,69422.60000000014,41250.800000000636
1.82e-10,60,14700.0,71055.40000000042,41850.600000000195
1.82e-10,60,13600.0,73053.40000000015,42434.00000000036
1.82e-10,60,12600.0,76383.40000000034,43613.40000000015
1.82e-10,60,11700.0,77118.60000000043,43932.20000000009
1.82e-10,60,10800.0,77837.60000000041,44409.0
1.82e-10,60,10000.0,83378.39999999997,44821.19999999976
1.82e-10,60,9260.0,87253.59999999948,44595.79999999951
1.82e-10,60,8570.0,90717.40000000014,44735.2000000003
1.82e-10,60,7940.0,93182.59999999993,44671.8000000004
1.82e-10,60,7350.0,95146.40000000036,44781.00000000008
1.82e-10,60,6810.0,100237.80000000042,43795.59999999923
1.82e-10,60,6310.0,102313.9999999998,43305.19999999912
1.82e-10,60,5840.0,104436.00000000051,42617.1999999998
1.82e-10,60,5410.0,107284.40000000021,41905.99999999999
1.82e-10,60,5010.0,110166.40000000037,40717.99999999919
1.82e-10,60,4640.0,114043.99999999972,39157.19999999947
1.82e-10,60,4300.0,114777.99999999987,39074.599999999824
1.82e-10,60,3980.0,117742.00000000017,37600.400000000685
1.82e-10,60,3690.0,118050.00000000007,37434.60000000076
1.82e-10,60,3420.0,122433.99999999905,34385.000000000015
1.82e-10,60,3160.0,124753.99999999953,33003.400000000634
1.82e-10,60,2930.0,126559.99999999929,31739.200000000394
1.82e-10,60,2710.0,128471.99999999967,30260.999999999618
1.82e-10,60,2510.0,130522.00000000023,27845.20000000058
1.82e-10,60,2330.0,131424.00000000073,27289.80000000059
1.82e-10,60,2150.0,132518.00000000064,26950.000000000447
1.82e-10,60,2000.0,133662.00000000035,24741.200000000797
1.82e-10,60,1850.0,134898.0,23231.400000000755
1.82e-10,60,1710.0,136645.9999999993,21503.200000000114
1.82e-10,60,1580.0,137751.99999999886,20372.999999999407
1.82e-10,60,1470.0,137815.99999999895,20259.19999999938
1.82e-10,60,1360.0,139212.0000000004,17009.1999999993
1.82e-10,60,1260.0,139952.00000000032,15711.799999999714
1.82e-10,60,1170.0,140100.0000000003,15073.400000000183
1.82e-10,60,1080.0,141071.99999999983,14091.600000000286
1.82e-10,60,1000.0,141373.9999999996,13242.320000000509
1.82e-10,60,926.0,141891.99999999945,12472.160000000284
1.82e-10,60,858.0,142011.99999999953,12241.460000000243
1.82e-10,60,794.0,143470.00000000064,9464.440000000195
1.82e-10,60,736.0,143620.00000000073,9319.940000000175
1.82e-10,60,681.0,144418.00000000076,8609.200000000417
1.82e-10,60,631.0,144686.00000000081,8497.62000000026
1.82e-10,60,584.0,144806.00000000081,6674.120000000385
1.82e-10,60,541.0,145110.0000000008,6503.780000000349
1.82e-10,60,501.0,145289.99999999997,5048.3600000002225
1.82e-10,60,464.0,145366.0,4446.440000000034
1.82e-10,60,430.0,145515.99999999994,4291.300000000015
1.82e-10,60,398.0,145335.99999999988,3163.440000000001
1.82e-10,60,369.0,145299.99999999985,2697.7040000002025
1.82e-10,60,341.0,145167.9999999998,2035.5440000003907
1.82e-10,60,316.0,145149.99999999977,1626.8760000000937
1.82e-10,60,293.0,145177.99999999977,1371.0699999999226
1.82e-10,60,271.0,145001.99999999977,772.7719999996384
1.82e-10,60,251.0,144993.9999999998,459.42199999975304
1.82e-10,60,233.0,144991.9999999998,264.72800000012273
1.82e-10,60,215.0,144793.9999999999,-132.47799999983516
1.82e-10,60,200.0,144368.00000000032,-245.59600000000862
1.82e-10,60,185.0,144238.0000000005,-344.5480000000025
1.82e-10,60,171.0,144024.00000000058,-425.1239999999034
1.82e-10,60,159.0,143932.0000000006,-430.5779999998856
1.82e-10,60,147.0,143784.00000000067,-437.2559999998381
1.82e-10,60,136.0,143350.00000000081,-391.8259999998386
1.82e-10,60,126.0,143162.00000000081,-262.541999999791
1.82e-10,60,117.0,143140.00000000081,14.37600000040221
1.82e-10,60,108.0,143014.0000000008,296.13200000044486
1.82e-10,60,100.0,142954.00000000076,599.5280000003695
1.82e-10,60,92.6,142802.00000000055,813.8440000003108
1.82e-10,60,85.8,142798.00000000055,822.936000000309
1.82e-10,60,79.4,142329.99999999988,1516.256000000003
1.82e-10,60,73.6,142301.99999999983,1585.217999999998
1.82e-10,60,68.1,142716.00000000035,2194.4339999996614
1.82e-10,60,63.1,142299.99999999983,2591.185999999789
1.82e-10,60,58.4,142177.99999999962,3211.5919999999564
1.82e-10,60,54.1,142193.99999999962,3658.332000000011
1.82e-10,60,50.1,142528.0000000001,4380.0480000002
1.82e-10,60,46.4,142650.00000000032,5111.210000000173
1.82e-10,60,43.0,142211.99999999968,5762.5999999997075
1.82e-10,60,39.8,142516.00000000003,6527.5499999999
1.82e-10,60,36.9,142846.00000000058,7761.3800000000365
1.82e-10,60,34.1,142898.00000000076,8576.17999999997
1.82e-10,60,31.6,142850.0000000008,9067.81999999991
1.82e-10,60,29.3,142742.0000000007,8939.199999999957
1.82e-10,60,27.1,143042.00000000038,10370.620000000014
1.82e-10,60,25.1,143666.0000000003,12774.340000000357
1.82e-10,60,23.3,143534.0000000003,12743.580000000353
1.82e-10,60,21.6,144595.99999999974,15241.419999999718
1.82e-10,60,20.0,145193.9999999996,16570.639999999607
1.82e-10,60,18.5,144831.99999999962,16585.239999999652
1.82e-10,60,17.1,146762.00000000108,20425.799999999515
1.82e-10,60,15.8,146912.00000000105,21890.999999999498
1.82e-10,60,14.7,148334.00000000114,23890.599999999577
1.82e-10,60,13.6,149924.00000000044,25684.99999999975
1.82e-10,60,12.6,150388.0000000003,27499.600000000115
1.82e-10,60,11.7,150986.00000000035,28647.200000000204
1.82e-10,60,10.8,152410.00000000044,30342.400000000172
1.82e-10,60,10.0,155311.99999999953,33829.4000000007
1.82e-10,60,9.26,156231.99999999945,34790.40000000066
1.82e-10,60,8.58,158389.99999999936,37016.000000000284
1.82e-10,60,7.94,161563.99999999965,39403.99999999966
1.82e-10,60,7.36,163293.99999999872,41208.5999999992
1.82e-10,60,6.81,165602.00000000017,43723.200000000135
1.82e-10,60,6.31,165328.0000000002,44762.000000000065
1.82e-10,60,5.84,170404.0000000008,47322.20000000022
1.82e-10,60,5.41,172344.00000000108,48763.19999999998
1.82e-10,60,5.01,175933.99999999953,51458.20000000012
1.82e-10,60,4.64,179067.99999999852,52718.20000000018
1.82e-10,60,4.3,180643.99999999863,53618.599999999846
1.82e-10,60,3.98,182479.99999999907,55371.00000000002
1.82e-10,60,3.69,185459.9999999997,57122.400000000016
1.82e-10,60,3.41,190756.00000000076,59223.799999999785
1.82e-10,60,3.16,196112.00000000073,61343.000000000065
1.82e-10,60,2.93,200304.000000001,62840.600000000195
1.82e-10,60,2.71,202400.0000000011,63530.80000000011
1.82e-10,60,2.51,203500.00000000108,64115.000000000255
1.82e-10,60,2.33,204560.00000000084,64534.20000000015
1.82e-10,60,2.15,215427.99999999913,68010.20000000049
1.82e-10,60,2.0,219811.99999999852,69170.60000000043
1.82e-10,60,1.85,223273.99999999854,69834.60000000062
1.82e-10,60,1.71,225019.9999999987,70084.60000000033
1.82e-10,60,1.58,232359.9999999993,70832.39999999908
1.82e-10,60,1.47,234949.99999999968,71212.59999999906
1.82e-10,60,1.36,242510.00000000076,71983.59999999915
1.82e-10,60,1.26,246949.9999999995,73345.99999999908
1.82e-10,60,1.17,248574.00000000006,74319.39999999882
1.82e-10,60,1.08,253130.00000000175,74986.80000000032
1.82e-10,60,1.0,253138.00000000175,74989.20000000032
2.06e-10,-5,1000000.0,8644.340000000044,2478.139999999985
2.06e-10,-5,912000.0,8724.460000000066,2314.9199999996686
2.06e-10,-5,832000.0,8693.260000000042,2433.559999999718
2.06e-10,-5,759000.0,8714.300000000043,2608.1399999997
2.06e-10,-5,692000.0,8837.60000000006,3065.419999999867
2.06e-10,-5,631000.0,8900.360000000059,3230.0800000003032
2.06e-10,-5,575000.0,8993.060000000025,3181.9199999997195
2.06e-10,-5,525000.0,9217.220000000007,3260.6199999998685
2.06e-10,-5,479000.0,9429.49999999999,3546.9400000000155
2.06e-10,-5,437000.0,9404.360000000011,3855.6599999998753
2.06e-10,-5,398000.0,9528.220000000005,4017.7600000000443
2.06e-10,-5,363000.0,8909.239999999998,4454.199999999847
2.06e-10,-5,331000.0,9952.480000000029,4576.019999999544
2.06e-10,-5,302000.0,10098.399999999998,4762.4599999995535
2.06e-10,-5,275000.0,10124.380000000036,5298.819999999503
2.06e-10,-5,251000.0,10275.100000000042,5390.499999999826
2.06e-10,-5,229000.0,10393.98000000002,5622.659999999952
2.06e-10,-5,209000.0,10778.799999999974,5990.359999999931
2.06e-10,-5,191000.0,11140.719999999963,6474.200000000205
2.06e-10,-5,174000.0,11172.00000000002,6663.1200000002855
2.06e-10,-5,158000.0,11163.960000000003,7096.90000000013
2.06e-10,-5,145000.0,10907.72,7221.6800000001285
2.06e-10,-5,132000.0,10730.840000000017,7577.31999999997
2.06e-10,-5,120000.0,11687.340000000004,8759.499999999658
2.06e-10,-5,110000.0,11993.740000000045,9276.559999999534
2.06e-10,-5,100000.0,11814.960000000003,9674.03999999983
2.06e-10,-5,91200.0,12371.519999999917,10823.620000000099
2.06e-10,-5,83200.0,12756.539999999908,11428.500000000235
2.06e-10,-5,75900.0,12681.75999999993,11737.00000000025
2.06e-10,-5,69200.0,13171.69999999999,13329.999999999798
2.06e-10,-5,63100.0,13841.69999999998,14289.199999999975
2.06e-10,-5,57500.0,14273.800000000005,15389.999999999874
2.06e-10,-5,52500.0,14603.05999999994,16575.199999999848
2.06e-10,-5,47900.0,15198.200000000035,17964.59999999997
2.06e-10,-5,43700.0,16046.40000000001,19292.20000000042
2.06e-10,-5,39800.0,16826.39999999995,21209.400000000554
2.06e-10,-5,36300.0,17436.799999999897,22515.400000000624
2.06e-10,-5,33100.0,18513.400000000016,24632.20000000032
2.06e-10,-5,30200.0,19741.799999999876,26211.59999999994
2.06e-10,-5,27500.0,21222.40000000003,28746.399999999347
2.06e-10,-5,25100.0,22632.79999999988,30480.400000000176
2.06e-10,-5,22900.0,24462.399999999998,32638.00000000021
2.06e-10,-5,20900.0,26378.799999999985,34868.40000000055
2.06e-10,-5,19100.0,28988.999999999956,37494.40000000073
2.06e-10,-5,17400.0,32048.79999999991,40008.599999999715
2.06e-10,-5,15800.0,36267.00000000011,42920.00000000008
2.06e-10,-5,14500.0,37907.00000000003,43767.79999999981
2.06e-10,-5,13200.0,43534.20000000019,46576.4000000002
2.06e-10,-5,12000.0,46168.400000000096,47164.399999999994
2.06e-10,-5,11000.0,50840.19999999983,48683.60000000021
2.06e-10,-5,10000.0,57414.40000000029,49819.39999999939
2.06e-10,-5,9120.0,61548.39999999994,50216.59999999988
2.06e-10,-5,8320.0,65594.39999999967,50344.99999999974
2.06e-10,-5,7590.0,68121.20000000001,49749.5999999999
2.06e-10,-5,6920.0,74381.40000000005,49439.600000000006
2.06e-10,-5,6310.0,79109.2000000001,48085.79999999962
2.06e-10,-5,5750.0,84134.80000000048,46242.79999999927
2.06e-10,-5,5250.0,88136.0000000005,44859.19999999941
2.06e-10,-5,4790.0,91168.00000000023,42725.59999999917
2.06e-10,-5,4370.0,94817.60000000022,40698.799999999275
2.06e-10,-5,3980.0,97721.39999999962,38072.799999999115
2.06e-10,-5,3630.0,100030.39999999982,35248.20000000014
2.06e-10,-5,3310.0,101139.2000000003,32443.59999999955
2.06e-10,-5,3020.0,102388.20000000029,30516.399999999714
2.06e-10,-5,2750.0,105831.79999999976,27852.39999999981
2.06e-10,-5,2510.0,107059.79999999952,26232.399999999547
2.06e-10,-5,2290.0,108459.60000000018,23256.000000000615
2.06e-10,-5,2090.0,109877.60000000015,20346.400000000496
2.06e-10,-5,1910.0,110626.40000000002,19683.600000000508
2.06e-10,-5,1740.0,111391.99999999939,18446.60000000036
2.06e-10,-5,1580.0,111579.99999999937,16703.140000000218
2.06e-10,-5,1450.0,111855.99999999981,15688.559999999963
2.06e-10,-5,1320.0,112538.00000000041,14145.51999999974
2.06e-10,-5,1200.0,113042.0000000006,11981.860000000346
2.06e-10,-5,1100.0,113228.00000000045,11279.820000000504
2.06e-10,-5,1000.0,113843.99999999971,10548.280000000004
2.06e-10,-5,912.0,113877.99999999974,10066.380000000263
2.06e-10,-5,832.0,113889.99999999971,9734.020000000233
2.06e-10,-5,759.0,113332.00000000042,7606.460000000287
2.06e-10,-5,692.0,113350.0000000004,6896.440000000204
2.06e-10,-5,631.0,113769.99999999991,6933.640000000179
2.06e-10,-5,575.0,113967.99999999965,6462.579999999831
2.06e-10,-5,525.0,113911.99999999971,6145.719999999817
2.06e-10,-5,479.0,113360.00000000042,5949.059999999503
2.06e-10,-5,437.0,113789.99999999993,5758.219999999612
2.06e-10,-5,398.0,113885.99999999975,5467.699999999632
2.06e-10,-5,363.0,113725.99999999988,5467.039999999753
2.06e-10,-5,331.0,113320.00000000044,5674.120000000057
2.06e-10,-5,302.0,113688.00000000001,5838.600000000377
2.06e-10,-5,275.0,113240.0000000005,5565.8999999998305
2.06e-10,-5,251.0,113124.00000000067,5624.479999999572
2.06e-10,-5,229.0,113268.00000000051,6123.41999999965
2.06e-10,-5,209.0,113669.99999999999,6253.3599999995695
2.06e-10,-5,191.0,113674.00000000001,6276.9599999995835
2.06e-10,-5,174.0,113907.99999999975,7160.819999999658
2.06e-10,-5,158.0,114083.99999999974,7855.859999999925
2.06e-10,-5,145.0,114099.99999999974,7885.679999999929
2.06e-10,-5,132.0,114151.99999999977,8623.960000000357
2.06e-10,-5,120.0,114764.00000000003,9059.880000000303
2.06e-10,-5,110.0,114984.00000000016,9431.280000000244
2.06e-10,-5,100.0,115464.00000000033,10630.579999999987
2.06e-10,-5,91.2,116545.20000000068,10520.63999999977
2.06e-10,-5,83.2,116610.80000000064,10914.180000000295
2.06e-10,-5,75.9,116927.20000000052,11032.100000000284
2.06e-10,-5,69.2,117777.99999999991,12684.91999999974
2.06e-10,-5,63.1,117967.99999999993,13217.219999999974
2.06e-10,-5,57.5,118372.79999999986,13632.44000000009
2.06e-10,-5,52.5,117923.1999999998,14517.12000000005
2.06e-10,-5,47.9,119920.19999999955,14018.940000000104
2.06e-10,-5,43.7,120130.19999999947,13283.700000000072
2.06e-10,-5,39.8,122699.99999999904,17168.200000000295
2.06e-10,-5,36.3,122893.99999999901,17431.000000000262
2.06e-10,-5,33.1,123313.99999999972,22403.800000000192
2.06e-10,-5,30.2,124637.9999999996,16008.799999999746
2.06e-10,-5,27.5,128014.00000000055,20486.99999999966
2.06e-10,-5,25.1,129492.0000000002,21242.000000000393
2.06e-10,-5,22.9,131167.99999999956,22698.200000000354
2.06e-10,-5,20.9,131942.00000000012,22937.800000000672
2.06e-10,-5,19.1,132357.80000000005,22940.80000000069
2.06e-10,-5,17.4,135831.9999999996,24080.20000000051
2.06e-10,-5,15.8,137833.99999999924,23945.800000000516
2.06e-10,-5,14.5,138774.00000000003,25331.200000000354
2.06e-10,-5,13.2,141223.99999999965,26173.599999999667
2.06e-10,-5,12.0,143618.00000000017,26372.399999999598
2.06e-10,-5,11.0,144253.99999999994,26857.399999999456
2.06e-10,-5,10.0,146983.99999999942,27368.000000000116
2.06e-10,-5,9.12,148931.99999999898,27869.200000000546
2.06e-10,-5,8.32,149915.99999999985,28446.000000000528
2.06e-10,-5,7.59,151599.99999999945,28389.200000000386
2.06e-10,-5,6.92,153814.00000000035,28353.800000000338
2.06e-10,-5,6.31,156016.00000000081,28522.60000000044
2.06e-10,-5,5.75,159336.0000000009,29018.00000000057
2.06e-10,-5,5.25,160428.0000000002,29137.400000000453
2.06e-10,-5,4.79,161780.000000001,29243.800000000374
2.06e-10,-5,4.37,163345.99999999927,29564.600000000457
2.06e-10,-5,3.98,167015.99999999898,30299.59999999952
2.06e-10,-5,3.63,168443.99999999942,30342.399999999354
2.06e-10,-5,3.31,170196.00000000038,29877.199999999637
2.06e-10,-5,3.02,170931.99999999994,30070.399999999892
2.06e-10,-5,2.75,173298.00000000084,29884.400000000187
2.06e-10,-5,2.51,174833.9999999999,30149.999999999396
2.06e-10,-5,2.29,177386.0,30628.200000000175
2.06e-10,-5,2.09,179099.9999999993,30775.399999999703
2.06e-10,-5,1.91,180256.00000000044,30666.200000000248
2.06e-10,-5,1.74,182356.00000000093,30647.200000000354
2.06e-10,-5,1.58,184956.00000000081,30683.4
2.06e-10,-5,1.45,185989.99999999936,31035.800000000534
2.06e-10,-5,1.32,187045.99999999875,31045.000000000517
2.06e-10,-5,1.2,190837.99999999808,30708.99999999945
2.06e-10,-5,1.1,192079.99999999808,30957.399999999187
2.06e-10,-5,1.0,193055.9999999985,31046.199999999102
2.06e-10,20,1000000.0,5480.600000000004,1841.6800000000515
2.06e-10,20,912000.0,5508.720000000018,1808.0999999999256
2.06e-10,20,832000.0,5490.700000000019,1839.719999999888
2.06e-10,20,759000.0,5409.040000000009,2004.2199999998384
2.06e-10,20,692000.0,5315.199999999997,2092.5199999999654
2.06e-10,20,631000.0,5367.300000000015,2167.7400000002062
2.06e-10,20,575000.0,5479.540000000022,2222.4999999998427
2.06e-10,20,525000.0,5555.360000000014,2376.2799999998656
2.06e-10,20,479000.0,5543.559999999988,2703.820000000047
2.06e-10,20,437000.0,5548.020000000006,2859.02000000004
2.06e-10,20,398000.0,5436.280000000009,3218.579999999854
2.06e-10,20,363000.0,3100.020000000001,5176.179999999929
2.06e-10,20,331000.0,5497.419999999977,3942.019999999646
2.06e-10,20,302000.0,5583.919999999972,3920.799999999606
2.06e-10,20,275000.0,5913.839999999991,3923.2799999997915
2.06e-10,20,251000.0,6205.839999999997,3963.5199999998686
2.06e-10,20,229000.0,6409.379999999991,4323.800000000003
2.06e-10,20,209000.0,6679.539999999993,4777.860000000117
2.06e-10,20,191000.0,6702.540000000026,4952.519999999754
2.06e-10,20,174000.0,6791.8000000000275,5269.219999999781
2.06e-10,20,158000.0,7260.099999999987,5816.379999999626
2.06e-10,20,145000.0,7291.699999999961,5969.919999999705
2.06e-10,20,132000.0,7174.180000000028,6508.959999999682
2.06e-10,20,120000.0,7081.120000000022,7105.699999999789
2.06e-10,20,110000.0,7268.800000000041,7612.859999999583
2.06e-10,20,100000.0,7579.820000000033,8189.31999999993
2.06e-10,20,91200.0,7821.639999999974,8798.080000000498
2.06e-10,20,83200.0,7909.760000000041,9394.579999999787
2.06e-10,20,75900.0,8145.200000000043,10260.14000000031
2.06e-10,20,69200.0,8430.259999999984,11096.639999999848
2.06e-10,20,63100.0,8651.639999999965,11968.900000000354
2.06e-10,20,57500.0,8814.680000000004,12633.20000000005
2.06e-10,20,52500.0,9411.819999999989,13974.200000000246
2.06e-10,20,47900.0,9995.519999999984,15192.599999999744
2.06e-10,20,43700.0,10241.140000000007,16103.999999999727
2.06e-10,20,39800.0,11555.219999999996,18219.999999999647
2.06e-10,20,36300.0,11855.979999999974,19186.199999999564
2.06e-10,20,33100.0,13114.200000000023,20902.19999999943
2.06e-10,20,30200.0,13743.19999999996,22028.000000000226
2.06e-10,20,27500.0,15699.599999999993,24570.80000000029
2.06e-10,20,25100.0,16957.199999999924,26260.599999999635
2.06e-10,20,22900.0,19185.599999999955,28599.999999999876
2.06e-10,20,20900.0,20699.199999999855,30050.4000000005
2.06e-10,20,19100.0,22490.800000000007,31855.400000000518
2.06e-10,20,17400.0,24599.600000000108,33805.799999999595
2.06e-10,20,15800.0,29407.600000000064,36744.80000000003
2.06e-10,20,14500.0,31684.199999999862,37759.40000000037
2.06e-10,20,13200.0,36077.59999999991,39419.80000000016
2.06e-10,20,12000.0,39350.40000000008,40524.79999999997
2.06e-10,20,11000.0,42842.99999999985,40975.800000000294
2.06e-10,20,10000.0,48001.00000000003,41653.00000000003
2.06e-10,20,9120.0,51525.60000000008,41687.79999999959
2.06e-10,20,8320.0,53855.79999999989,41380.20000000003
2.06e-10,20,7590.0,57563.40000000037,40784.2000000005
2.06e-10,20,6920.0,61199.40000000018,40123.00000000021
2.06e-10,20,6310.0,65805.60000000012,38579.000000000284
2.06e-10,20,5750.0,69481.40000000014,36710.20000000006
2.06e-10,20,5250.0,71571.79999999978,34557.19999999968
2.06e-10,20,4790.0,74056.59999999958,33557.600000000384
2.06e-10,20,4370.0,76567.60000000014,31565.19999999977
2.06e-10,20,3980.0,79240.19999999984,29484.39999999978
2.06e-10,20,3630.0,80666.8000000004,27269.40000000032
2.06e-10,20,3310.0,82493.60000000014,24786.400000000893
2.06e-10,20,3020.0,83288.40000000026,23323.200000000827
2.06e-10,20,2750.0,84977.40000000036,21078.799999999675
2.06e-10,20,2510.0,85550.39999999967,19758.400000000012
2.06e-10,20,2290.0,87162.40000000002,17298.67999999973
2.06e-10,20,2090.0,88546.6000000002,15704.31999999975
2.06e-10,20,1910.0,88246.20000000038,14465.3999999998
2.06e-10,20,1740.0,89191.80000000053,13294.839999999851
2.06e-10,20,1580.0,89423.80000000035,11197.160000000256
2.06e-10,20,1450.0,89020.60000000028,10352.160000000435
2.06e-10,20,1320.0,88547.40000000068,9506.120000000434
2.06e-10,20,1200.0,88646.40000000036,8295.37999999985
2.06e-10,20,1100.0,88764.80000000025,7715.579999999806
2.06e-10,20,1000.0,88599.6000000002,6269.63999999968
2.06e-10,20,912.0,88649.00000000017,5768.939999999716
2.06e-10,20,832.0,88531.40000000029,4905.859999999784
2.06e-10,20,759.0,88376.4000000002,4371.619999999755
2.06e-10,20,692.0,88313.99999999971,4060.9999999997467
2.06e-10,20,631.0,88505.99999999984,3767.6799999994932
2.06e-10,20,575.0,87995.00000000025,2874.419999999927
2.06e-10,20,525.0,87784.20000000039,2598.6800000001203
2.06e-10,20,479.0,87740.40000000053,2466.7000000000703
2.06e-10,20,437.0,87587.99999999975,2419.1399999999962
2.06e-10,20,398.0,87578.80000000035,1966.499999999863
2.06e-10,20,363.0,87542.00000000042,1770.299999999816
2.06e-10,20,331.0,87412.19999999963,1563.339999999895
2.06e-10,20,302.0,87217.40000000004,1518.57999999972
2.06e-10,20,275.0,87112.7999999996,1185.3599999996798
2.06e-10,20,251.0,86931.79999999933,1245.0799999996975
2.06e-10,20,229.0,86995.00000000038,1527.7200000001585
2.06e-10,20,209.0,86985.00000000036,1533.2200000001717
2.06e-10,20,191.0,86961.20000000033,1567.9400000001997
2.06e-10,20,174.0,86819.7999999997,1820.5000000002499
2.06e-10,20,158.0,86571.39999999946,1778.9660000002427
2.06e-10,20,145.0,86571.39999999946,1778.9660000002427
2.06e-10,20,132.0,86441.99999999971,1801.820000000441
2.06e-10,20,120.0,85126.99999999999,-2033.9000000003914
2.06e-10,20,110.0,83728.3999999996,-10851.28000000038
2.06e-10,20,100.0,81040.00000000006,6041.159999999699
2.06e-10,20,91.2,81284.60000000011,11670.979999999754
2.06e-10,20,83.2,82234.60000000012,12004.33999999988
2.06e-10,20,75.9,86452.19999999981,4650.220000000256
2.06e-10,20,69.2,86797.40000000017,6269.160000000542
2.06e-10,20,63.1,85313.40000000013,13976.620000000406
2.06e-10,20,57.5,85653.59999999954,13343.58000000067
2.06e-10,20,52.5,86099.19999999959,12766.24000000065
2.06e-10,20,47.9,86841.79999999945,11213.340000000635
2.06e-10,20,43.7,88149.19999999956,6080.780000000333
2.06e-10,20,39.8,88166.79999999967,5832.040000000284
2.06e-10,20,36.3,85182.0,4815.719999999887
2.06e-10,20,33.1,89364.40000000056,7275.719999999611
2.06e-10,20,30.2,90900.59999999973,6707.040000000049
2.06e-10,20,27.5,91587.39999999934,8236.719999999881
2.06e-10,20,25.1,91295.00000000013,7977.960000000189
2.06e-10,20,22.9,91830.99999999956,8634.539999999668
2.06e-10,20,20.9,89583.39999999957,-268.39999999975265
2.06e-10,20,19.1,81037.39999999972,-32919.83999999993
2.06e-10,20,17.4,86402.39999999953,5290.720000000088
2.06e-10,20,15.8,65522.40000000025,49001.95999999967
2.06e-10,20,14.5,90907.20000000061,1077.0999999995165
2.06e-10,20,13.2,96137.60000000037,6776.899999999978
2.06e-10,20,12.0,92995.1999999996,4620.0599999999085
2.06e-10,20,11.0,89284.00000000022,-25862.400000000067
2.06e-10,20,10.0,93110.19999999968,23044.43999999943
2.06e-10,20,9.12,98846.39999999967,12905.319999999801
2.06e-10,20,8.32,99656.20000000033,12873.460000000041
2.06e-10,20,7.59,100825.59999999989,13189.799999999845
2.06e-10,20,6.92,102354.00000000048,14578.79999999992
2.06e-10,20,6.31,103534.80000000073,14521.600000000284
2.06e-10,20,5.75,104245.80000000085,14639.600000000231
2.06e-10,20,5.25,104993.80000000079,14901.000000000044
2.06e-10,20,4.79,106253.80000000073,15298.99999999983
2.06e-10,20,4.37,106884.00000000012,15556.599999999793
2.06e-10,20,3.98,108313.99999999929,15634.999999999744
2.06e-10,20,3.63,109140.0,15975.400000000143
2.06e-10,20,3.31,110285.99999999935,16339.00000000023
2.06e-10,20,3.02,111571.9999999993,16572.600000000257
2.06e-10,20,2.75,112671.99999999937,16641.200000000277
2.06e-10,20,2.51,113153.99999999933,16733.400000000278
2.06e-10,20,2.29,115635.99999999942,17305.800000000265
2.06e-10,20,2.09,116675.99999999945,17516.600000000264
2.06e-10,20,1.91,118493.99999999968,17950.20000000023
2.06e-10,20,1.74,118843.99999999972,18036.800000000247
2.06e-10,20,1.58,118983.99999999974,18066.800000000232
2.06e-10,20,1.45,119791.99999999968,18310.400000000052
2.06e-10,20,1.32,120719.99999999958,18544.400000000136
2.06e-10,20,1.2,122583.99999999965,18963.20000000031
2.06e-10,20,1.1,123560.00000000009,19109.79999999956
2.06e-10,20,1.0,124473.9999999998,19222.19999999979
2.06e-10,25,1000000.0,3946.740000000005,1493.6599999997184
2.06e-10,25,912000.0,3977.0199999999954,1564.4399999998914
2.06e-10,25,832000.0,3985.799999999998,1609.9799999997667
2.06e-10,25,759000.0,4079.4599999999905,1707.9199999998189
2.06e-10,25,692000.0,4191.399999999989,1765.1200000000888
2.06e-10,25,631000.0,4246.240000000022,1855.7400000001128
2.06e-10,25,575000.0,4230.979999999998,2021.9399999997784
2.06e-10,25,525000.0,4348.2,2108.379999999683
2.06e-10,25,479000.0,4390.619999999986,2256.9799999997185
2.06e-10,25,437000.0,4468.980000000011,2398.84000000046
2.06e-10,25,398000.0,4546.419999999987,2566.5400000000736
2.06e-10,25,363000.0,4469.960000000018,2791.600000000152
2.06e-10,25,331000.0,4517.880000000011,3008.780000000149
2.06e-10,25,302000.0,4670.760000000024,3138.6200000002527
2.06e-10,25,275000.0,4792.920000000016,3354.699999999983
2.06e-10,25,251000.0,4853.1799999999985,3577.420000000097
2.06e-10,25,229000.0,5011.599999999988,3852.18000000029
2.06e-10,25,209000.0,5098.4000000000015,4118.160000000101
2.06e-10,25,191000.0,5202.5400000000045,4389.759999999735
2.06e-10,25,174000.0,5310.980000000027,4768.239999999978
2.06e-10,25,158000.0,5546.239999999998,5359.439999999958
2.06e-10,25,145000.0,5680.539999999984,5571.859999999924
2.06e-10,25,132000.0,5753.91999999999,5899.1599999999535
2.06e-10,25,120000.0,5797.079999999974,6423.260000000248
2.06e-10,25,110000.0,5994.800000000012,6966.23999999963
2.06e-10,25,100000.0,6157.5000000000255,7521.559999999799
2.06e-10,25,91200.0,6437.6200000000035,8150.2600000003995
2.06e-10,25,83200.0,6657.220000000033,8812.460000000241
2.06e-10,25,75900.0,6878.299999999981,9578.460000000445
2.06e-10,25,69200.0,7061.879999999981,10291.780000000143
2.06e-10,25,63100.0,7348.959999999967,11136.900000000232
2.06e-10,25,57500.0,7644.08,11998.200000000128
2.06e-10,25,52500.0,8274.439999999999,13199.40000000052
2.06e-10,25,47900.0,8687.900000000021,14293.200000000323
2.06e-10,25,43700.0,9165.36000000002,15380.19999999992
2.06e-10,25,39800.0,10682.499999999973,17541.200000000063
2.06e-10,25,36300.0,10774.539999999952,18146.20000000002
2.06e-10,25,33100.0,12559.780000000012,20286.99999999962
2.06e-10,25,30200.0,12703.99999999996,20994.60000000055
2.06e-10,25,27500.0,13824.399999999936,22540.000000000557
2.06e-10,25,25100.0,15007.799999999961,24049.79999999953
2.06e-10,25,22900.0,16866.79999999996,25836.599999999566
2.06e-10,25,20900.0,18622.399999999947,27207.19999999995
2.06e-10,25,19100.0,20496.99999999996,29198.599999999613
2.06e-10,25,17400.0,22885.60000000008,30233.99999999982
2.06e-10,25,15800.0,27193.19999999996,32661.19999999993
2.06e-10,25,14500.0,28448.999999999905,34129.200000000375
2.06e-10,25,13200.0,32117.79999999998,35684.40000000037
2.06e-10,25,12000.0,35591.99999999984,36776.40000000079
2.06e-10,25,11000.0,38221.599999999846,37010.20000000044
2.06e-10,25,10000.0,42533.20000000014,37084.79999999986
2.06e-10,25,9120.0,47344.39999999979,36871.40000000024
2.06e-10,25,8320.0,48914.59999999965,36900.40000000043
2.06e-10,25,7590.0,51629.399999999645,36307.400000000926
2.06e-10,25,6920.0,54984.59999999982,35613.000000001026
2.06e-10,25,6310.0,60318.80000000012,33680.800000000694
2.06e-10,25,5750.0,63040.800000000236,31442.40000000041
2.06e-10,25,5250.0,64799.600000000275,30625.80000000032
2.06e-10,25,4790.0,66054.2000000001,29628.40000000031
2.06e-10,25,4370.0,68779.59999999986,27624.7999999998
2.06e-10,25,3980.0,70947.39999999956,26037.199999999626
2.06e-10,25,3630.0,72615.99999999967,23787.199999999575
2.06e-10,25,3310.0,74388.2000000001,20744.400000000274
2.06e-10,25,3020.0,75000.80000000019,20276.200000000455
2.06e-10,25,2750.0,76250.9999999998,18140.200000000168
2.06e-10,25,2510.0,76418.79999999976,17700.220000000172
2.06e-10,25,2290.0,76778.19999999994,14876.159999999343
2.06e-10,25,2090.0,77656.39999999957,13789.739999999594
2.06e-10,25,1910.0,78241.79999999961,13048.219999999703
2.06e-10,25,1740.0,78741.99999999958,10866.059999999981
2.06e-10,25,1580.0,78903.19999999959,8525.580000000291
2.06e-10,25,1450.0,78883.1999999996,8435.060000000301
2.06e-10,25,1320.0,79128.59999999964,8284.600000000357
2.06e-10,25,1200.0,79316.20000000043,7254.880000000048
2.06e-10,25,1100.0,79412.20000000067,6796.440000000308
2.06e-10,25,1000.0,79515.60000000073,5832.41999999997
2.06e-10,25,912.0,79526.0000000007,5227.419999999856
2.06e-10,25,832.0,79517.40000000063,4919.283999999822
2.06e-10,25,759.0,79544.40000000045,4075.903999999936
2.06e-10,25,692.0,79411.20000000036,3545.9459999999294
2.06e-10,25,631.0,79285.79999999984,3140.085999999806
2.06e-10,25,575.0,79224.79999999967,2785.0059999997993
2.06e-10,25,525.0,79156.79999999962,2024.8859999998783
2.06e-10,25,479.0,79153.99999999962,2012.9259999998585
2.06e-10,25,437.0,79042.5999999997,1787.473999999656
2.06e-10,25,398.0,78995.1999999998,1641.7579999996083
2.06e-10,25,363.0,78916.20000000027,1187.3659999998222
2.06e-10,25,331.0,78881.60000000021,1119.1559999997992
2.06e-10,25,302.0,78869.00000000022,1021.1259999999697
2.06e-10,25,275.0,78680.79999999965,965.0959999995624
2.06e-10,25,251.0,78649.59999999963,949.0279999996361
2.06e-10,25,229.0,78376.7999999997,880.9480000002224
2.06e-10,25,209.0,78278.7999999998,866.4560000003393
2.06e-10,25,191.0,78247.59999999983,856.3840000003946
2.06e-10,25,174.0,78153.59999999992,884.8040000001009
2.06e-10,25,158.0,78123.39999999992,827.6680000001234
2.06e-10,25,145.0,78110.59999999993,849.3640000000335
2.06e-10,25,132.0,78095.99999999999,1070.6999999997533
2.06e-10,25,120.0,78092.80000000009,1131.917999999767
2.06e-10,25,110.0,78165.60000000027,652.920000000067
2.06e-10,25,100.0,78081.8000000001,1573.590000000088
2.06e-10,25,91.2,78059.6000000003,1908.5420000001302
2.06e-10,25,83.2,78063.20000000035,2035.5600000002116
2.06e-10,25,75.9,78071.00000000032,1897.1800000003043
2.06e-10,25,69.2,78264.59999999999,2419.220000000255
2.06e-10,25,63.1,78373.59999999974,2694.860000000089
2.06e-10,25,57.5,78433.39999999956,2597.9199999997177
2.06e-10,25,52.5,78147.5999999998,2274.7799999997196
2.06e-10,25,47.9,78191.00000000003,2428.359999999819
2.06e-10,25,43.7,78697.60000000066,3421.3200000000725
2.06e-10,25,39.8,78864.40000000052,4036.3000000000275
2.06e-10,25,36.3,78993.60000000003,4295.340000000235
2.06e-10,25,33.1,79408.20000000017,4552.679999999812
2.06e-10,25,30.2,79600.59999999974,4837.819999999776
2.06e-10,25,27.5,79947.59999999973,5271.040000000192
2.06e-10,25,25.1,80193.20000000001,5537.639999999913
2.06e-10,25,22.9,80470.19999999994,5940.0999999998885
2.06e-10,25,20.9,80719.59999999996,5341.679999999603
2.06e-10,25,19.1,80435.19999999963,-620.8000000003369
2.06e-10,25,17.4,81626.1999999999,6312.639999999741
2.06e-10,25,15.8,78837.39999999985,14881.480000000498
2.06e-10,25,14.5,83220.1999999998,6630.420000000373
2.06e-10,25,13.2,83291.20000000013,8058.37999999982
2.06e-10,25,12.0,83664.19999999991,8224.899999999854
2.06e-10,25,11.0,84201.20000000061,2285.9000000001392
2.06e-10,25,10.0,84859.40000000005,10231.060000000569
2.06e-10,25,9.12,84800.40000000001,9612.880000000545
2.06e-10,25,8.32,85294.39999999995,9817.180000000404
2.06e-10,25,7.59,86149.59999999985,10205.26000000026
2.06e-10,25,6.92,87032.19999999962,10644.319999999907
2.06e-10,25,6.31,87579.59999999934,10844.240000000003
2.06e-10,25,5.75,87726.79999999945,10976.140000000014
2.06e-10,25,5.25,89062.0000000001,11612.220000000032
2.06e-10,25,4.79,89384.0000000001,11771.020000000057
2.06e-10,25,4.37,90458.0000000004,12196.860000000086
2.06e-10,25,3.98,91279.79999999971,12487.80000000023
2.06e-10,25,3.63,91938.80000000026,12636.999999999829
2.06e-10,25,3.31,93009.3999999998,13092.000000000202
2.06e-10,25,3.02,93663.7999999996,13332.400000000318
2.06e-10,25,2.75,94790.19999999939,13702.000000000613
2.06e-10,25,2.51,95406.60000000027,13811.000000000071
2.06e-10,25,2.29,96952.40000000075,14201.800000000358
2.06e-10,25,2.09,97689.40000000087,14413.800000000545
2.06e-10,25,1.91,98078.80000000083,14577.200000000676
2.06e-10,25,1.74,99003.60000000049,14865.19999999994
2.06e-10,25,1.58,100579.99999999983,15119.000000000187
2.06e-10,25,1.45,100847.5999999998,15358.40000000027
2.06e-10,25,1.32,101623.40000000029,15456.60000000024
2.06e-10,25,1.2,103249.40000000063,15892.799999999985
2.06e-10,25,1.1,103325.80000000066,15910.399999999958
2.06e-10,25,1.0,103368.2000000007,15921.399999999963
2.06e-10,55,1000000.0,3461.0199999999945,1325.4800000001549
2.06e-10,55,912000.0,3484.120000000001,1428.2000000003472
2.06e-10,55,832000.0,3490.2200000000007,1432.4800000003765
2.06e-10,55,759000.0,3597.379999999994,1564.9599999999864
2.06e-10,55,692000.0,3591.840000000001,1611.5000000000628
2.06e-10,55,631000.0,3619.1599999999853,1720.7599999998233
2.06e-10,55,575000.0,3636.7599999999907,1840.4999999998067
2.06e-10,55,525000.0,3742.3999999999896,1965.4999999999427
2.06e-10,55,479000.0,3818.240000000012,2105.060000000355
2.06e-10,55,437000.0,3802.7200000000116,2217.0800000001714
2.06e-10,55,398000.0,3878.1600000000035,2404.1800000003095
2.06e-10,55,363000.0,4006.8599999999856,2518.540000000236
2.06e-10,55,331000.0,4094.7999999999984,2782.1800000003213
2.06e-10,55,302000.0,4144.119999999994,2876.800000000317
2.06e-10,55,275000.0,4216.879999999991,3070.7200000000707
2.06e-10,55,251000.0,4253.819999999983,3265.6799999999416
2.06e-10,55,229000.0,4252.179999999997,3538.2600000001776
2.06e-10,55,209000.0,4436.239999999977,3785.9199999999028
2.06e-10,55,191000.0,4601.199999999998,4062.7999999996423
2.06e-10,55,174000.0,4722.039999999972,4402.540000000099
2.06e-10,55,158000.0,4795.1799999999885,4733.479999999857
2.06e-10,55,145000.0,4707.219999999989,5028.359999999896
2.06e-10,55,132000.0,4822.799999999995,5332.25999999998
2.06e-10,55,120000.0,5126.260000000009,5806.060000000379
2.06e-10,55,110000.0,5208.839999999992,6273.82000000004
2.06e-10,55,100000.0,5358.999999999986,6746.360000000413
2.06e-10,55,91200.0,5612.039999999989,7363.160000000289
2.06e-10,55,83200.0,5751.460000000035,7937.100000000389
2.06e-10,55,75900.0,6048.840000000032,8720.17999999967
2.06e-10,55,69200.0,6242.180000000038,9271.999999999416
2.06e-10,55,63100.0,6502.879999999994,10215.039999999886
2.06e-10,55,57500.0,6913.31999999998,10802.91999999982
2.06e-10,55,52500.0,7361.420000000025,11666.139999999881
2.06e-10,55,47900.0,7826.079999999998,12595.199999999799
2.06e-10,55,43700.0,8310.000000000055,13566.000000000387
2.06e-10,55,39800.0,9079.219999999994,14951.200000000279
2.06e-10,55,36300.0,9739.47999999999,15740.199999999435
2.06e-10,55,33100.0,10544.680000000026,16889.200000000186
2.06e-10,55,30200.0,11479.88,18077.400000000503
2.06e-10,55,27500.0,12531.639999999945,19293.399999999616
2.06e-10,55,25100.0,13857.039999999914,20710.399999999878
2.06e-10,55,22900.0,14500.199999999955,21571.59999999993
2.06e-10,55,20900.0,16325.799999999987,22832.800000000178
2.06e-10,55,19100.0,18991.200000000077,24511.20000000028
2.06e-10,55,17400.0,20055.800000000083,25136.40000000026
2.06e-10,55,15800.0,22414.19999999985,26344.000000000487
2.06e-10,55,14500.0,24728.99999999984,27296.59999999949
2.06e-10,55,13200.0,27272.400000000023,27976.399999999485
2.06e-10,55,12000.0,29230.999999999964,28356.999999999847
2.06e-10,55,11000.0,32354.800000000112,28880.80000000036
2.06e-10,55,10000.0,36498.00000000007,29277.99999999992
2.06e-10,55,9120.0,38911.400000000125,29191.20000000022
2.06e-10,55,8320.0,41778.1999999997,28502.800000000472
2.06e-10,55,7590.0,44476.40000000026,27775.79999999963
2.06e-10,55,6920.0,46616.60000000025,27039.200000000004
2.06e-10,55,6310.0,49376.600000000246,25781.399999999667
2.06e-10,55,5750.0,51022.20000000041,24776.60000000041
2.06e-10,55,5250.0,52626.600000000166,23487.200000000103
2.06e-10,55,4790.0,54726.59999999979,22172.400000000594
2.06e-10,55,4370.0,55841.60000000028,21064.40000000002
2.06e-10,55,3980.0,56989.20000000027,19860.399999999416
2.06e-10,55,3630.0,58130.00000000009,18210.400000000085
2.06e-10,55,3310.0,59666.800000000345,16812.60000000039
2.06e-10,55,3020.0,60308.80000000007,16094.799999999856
2.06e-10,55,2750.0,60823.599999999984,13678.879999999903
2.06e-10,55,2510.0,61341.99999999985,13403.679999999635
2.06e-10,55,2290.0,62391.59999999976,12270.599999999644
2.06e-10,55,2090.0,63024.40000000014,11616.919999999736
2.06e-10,55,1910.0,63437.20000000002,10785.53999999988
2.06e-10,55,1740.0,63607.000000000015,9240.379999999996
2.06e-10,55,1580.0,64055.000000000095,8776.919999999838
2.06e-10,55,1450.0,64352.4000000003,8066.500000000219
2.06e-10,55,1320.0,64574.00000000016,7456.840000000015
2.06e-10,55,1200.0,64522.39999999992,6440.960000000339
2.06e-10,55,1100.0,64685.60000000007,6008.800000000222
2.06e-10,55,1000.0,65075.200000000164,5359.779999999842
2.06e-10,55,912.0,65398.6000000001,5014.880000000069
2.06e-10,55,832.0,65195.19999999998,4400.1200000000945
2.06e-10,55,759.0,65560.2,4171.000000000416
2.06e-10,55,692.0,65478.999999999935,3810.719999999823
2.06e-10,55,631.0,65696.79999999994,3414.03999999995
2.06e-10,55,575.0,65776.79999999974,3069.5800000000854
2.06e-10,55,525.0,65774.19999999981,2847.1999999998357
2.06e-10,55,479.0,65759.00000000016,2665.099999999548
2.06e-10,55,437.0,65893.60000000049,2289.539999999597
2.06e-10,55,398.0,65898.00000000047,2051.779999999829
2.06e-10,55,363.0,65862.79999999981,1934.6800000002472
2.06e-10,55,331.0,65878.3999999997,1765.2799999999922
2.06e-10,55,302.0,65974.1999999998,1720.9719999997583
2.06e-10,55,275.0,65941.99999999997,1506.4359999999717
2.06e-10,55,251.0,65830.39999999989,1449.1500000001085
2.06e-10,55,229.0,65775.80000000013,1327.239999999635
2.06e-10,55,209.0,65959.8,1298.7799999997735
2.06e-10,55,191.0,65937.20000000024,1335.8799999997339
2.06e-10,55,174.0,65988.1999999999,1240.2600000001614
2.06e-10,55,158.0,65943.00000000025,1212.6800000003468
2.06e-10,55,145.0,66007.79999999977,1242.9799999997601
2.06e-10,55,132.0,65877.59999999964,1254.2999999995936
2.06e-10,55,120.0,65860.59999999966,1243.3599999999667
2.06e-10,55,110.0,65950.59999999977,1311.7599999998745
2.06e-10,55,100.0,66000.59999999982,1324.2800000000718
2.06e-10,55,91.2,66002.9999999998,1515.3800000003168
2.06e-10,55,83.2,66024.5999999997,1524.8000000005009
2.06e-10,55,75.9,66098.59999999945,1622.9599999998677
2.06e-10,55,69.2,66126.99999999958,1700.0000000001135
2.06e-10,55,63.1,66221.19999999997,1888.300000000189
2.06e-10,55,57.5,66319.79999999986,2110.5999999998576
2.06e-10,55,52.5,66264.3999999995,2213.879999999738
2.06e-10,55,47.9,65544.00000000004,1872.9600000000146
2.06e-10,55,43.7,66400.60000000065,2505.339999999957
2.06e-10,55,39.8,66401.80000000054,2729.5399999995557
2.06e-10,55,36.3,66320.40000000002,2826.199999999932
2.06e-10,55,33.1,66777.79999999951,3169.800000000129
2.06e-10,55,30.2,66869.39999999985,3318.7999999998874
2.06e-10,55,27.5,66965.20000000004,3577.92000000027
2.06e-10,55,25.1,67105.80000000016,3893.0200000001796
2.06e-10,55,22.9,67252.00000000033,4090.220000000136
2.06e-10,55,20.9,67495.20000000032,4328.200000000217
2.06e-10,55,19.1,67410.80000000015,4482.91999999999
2.06e-10,55,17.4,67802.40000000008,4835.659999999887
2.06e-10,55,15.8,68200.60000000003,5206.360000000157
2.06e-10,55,14.5,68460.00000000015,5449.239999999731
2.06e-10,55,13.2,68860.60000000014,5801.939999999785
2.06e-10,55,12.0,69227.19999999988,6211.359999999898
2.06e-10,55,11.0,69728.20000000011,6536.90000000027
2.06e-10,55,10.0,69867.20000000039,6817.499999999965
2.06e-10,55,9.12,70460.2000000005,7173.100000000369
2.06e-10,55,8.32,70490.60000000003,7357.040000000355
2.06e-10,55,7.59,71103.40000000047,7772.920000000089
2.06e-10,55,6.92,71853.60000000056,8290.52000000043
2.06e-10,55,6.31,72380.40000000037,8572.099999999791
2.06e-10,55,5.75,73052.20000000033,9023.939999999688
2.06e-10,55,5.25,73552.0,9372.52000000021
2.06e-10,55,4.79,74082.39999999953,9611.91999999998
2.06e-10,55,4.37,74656.60000000008,10139.49999999963
2.06e-10,55,3.98,75295.6000000004,10405.199999999966
2.06e-10,55,3.63,75474.20000000046,10624.739999999714
2.06e-10,55,3.31,76471.20000000006,10977.980000000252
2.06e-10,55,3.02,76894.19999999994,11250.339999999655
2.06e-10,55,2.75,78251.99999999964,11786.939999999746
2.06e-10,55,2.51,79047.79999999957,11999.360000000139
2.06e-10,55,2.29,79724.79999999955,12324.979999999605
2.06e-10,55,2.09,80466.6,12644.600000000019
2.06e-10,55,1.91,81428.79999999994,12964.000000000387
2.06e-10,55,1.74,82325.39999999938,13174.199999999753
2.06e-10,55,1.58,83165.1999999995,13425.999999999785
2.06e-10,55,1.45,83848.39999999985,13735.60000000041
2.06e-10,55,1.32,84716.80000000015,13987.40000000013
2.06e-10,55,1.2,85819.40000000004,14180.200000000028
2.06e-10,55,1.1,86621.19999999974,14429.799999999766
2.06e-10,55,1.0,87317.80000000028,14499.599999999733
2.06e-10,60,1000000.0,2168.3000000000047,961.3900000005267
2.06e-10,60,912000.0,2200.8999999999996,997.4840000005146
2.06e-10,60,832000.0,2176.3599999999965,1017.4760000002859
2.06e-10,60,759000.0,2175.079999999999,1066.1600000002852
2.06e-10,60,692000.0,2282.799999999998,1176.5000000001103
2.06e-10,60,631000.0,2315.9999999999964,1242.019999999933
2.06e-10,60,575000.0,2269.479999999999,1293.1599999999498
2.06e-10,60,525000.0,2252.5600000000045,1370.2199999996592
2.06e-10,60,479000.0,2281.399999999999,1481.5600000000704
2.06e-10,60,437000.0,2384.499999999999,1601.6800000002604
2.06e-10,60,398000.0,2391.399999999997,1724.860000000069
2.06e-10,60,363000.0,2472.2199999999957,1852.200000000003
2.06e-10,60,331000.0,2506.019999999996,1978.2799999999847
2.06e-10,60,302000.0,2573.4400000000046,2168.379999999654
2.06e-10,60,275000.0,2586.159999999992,2306.239999999685
2.06e-10,60,251000.0,2646.400000000006,2510.919999999729
2.06e-10,60,229000.0,2624.8200000000065,2668.859999999534
2.06e-10,60,209000.0,2681.660000000007,2938.579999999659
2.06e-10,60,191000.0,2733.960000000012,3140.739999999591
2.06e-10,60,174000.0,2772.8199999999965,3415.840000000283
2.06e-10,60,158000.0,2832.4799999999996,3735.9800000003434
2.06e-10,60,145000.0,2908.3799999999983,4045.240000000126
2.06e-10,60,132000.0,3159.4200000000046,4483.219999999678
2.06e-10,60,120000.0,3313.8599999999933,4939.899999999751
2.06e-10,60,110000.0,3495.679999999993,5384.459999999838
2.06e-10,60,100000.0,3636.3799999999846,5865.01999999966
2.06e-10,60,91200.0,3710.2600000000084,6384.219999999754
2.06e-10,60,83200.0,3986.5199999999977,6949.2200000000985
2.06e-10,60,75900.0,4086.719999999999,7457.679999999719
2.06e-10,60,69200.0,4374.699999999994,8193.620000000255
2.06e-10,60,63100.0,4607.420000000009,8880.92000000034
2.06e-10,60,57500.0,4874.820000000013,9559.720000000101
2.06e-10,60,52500.0,5557.82000000001,10663.980000000309
2.06e-10,60,47900.0,5912.519999999999,11411.080000000336
2.06e-10,60,43700.0,6487.160000000041,12511.800000000476
2.06e-10,60,39800.0,6892.299999999974,13531.400000000118
2.06e-10,60,36300.0,7446.379999999965,14535.79999999986
2.06e-10,60,33100.0,8227.699999999997,15607.599999999671
2.06e-10,60,30200.0,9381.49999999999,16875.600000000362
2.06e-10,60,27500.0,10490.42000000002,18302.600000000097
2.06e-10,60,25100.0,11758.15999999998,19572.999999999818
2.06e-10,60,22900.0,12431.800000000048,20602.3999999996
2.06e-10,60,20900.0,13823.19999999993,21886.19999999982
2.06e-10,60,19100.0,15942.200000000008,23328.199999999844
2.06e-10,60,17400.0,17404.00000000001,24505.8000000002
2.06e-10,60,15800.0,19039.200000000088,25592.999999999825
2.06e-10,60,14500.0,21295.000000000102,26571.199999999943
2.06e-10,60,13200.0,24161.400000000016,27308.99999999964
2.06e-10,60,12000.0,25886.799999999883,28178.19999999938
2.06e-10,60,11000.0,28582.800000000036,28869.79999999973
2.06e-10,60,10000.0,31429.599999999995,29220.99999999921
2.06e-10,60,9120.0,35321.1999999999,29408.39999999965
2.06e-10,60,8320.0,38412.99999999963,29151.79999999993
2.06e-10,60,7590.0,41215.7999999999,28599.399999999907
2.06e-10,60,6920.0,43426.80000000032,27845.6000000005
2.06e-10,60,6310.0,46147.20000000035,26809.000000000364
2.06e-10,60,5750.0,48037.00000000019,25866.800000000025
2.06e-10,60,5250.0,49957.99999999995,24650.20000000035
2.06e-10,60,4790.0,52602.00000000001,23091.000000000575
2.06e-10,60,4370.0,53871.800000000316,21904.40000000024
2.06e-10,60,3980.0,55044.600000000086,20691.999999999567
2.06e-10,60,3630.0,56460.20000000019,19140.60000000026
2.06e-10,60,3310.0,58055.40000000011,17237.20000000011
2.06e-10,60,3020.0,58711.39999999971,16717.39999999988
2.06e-10,60,2750.0,59510.999999999956,14257.479999999874
2.06e-10,60,2510.0,60093.799999999865,13793.279999999673
2.06e-10,60,2290.0,60853.00000000002,12914.719999999523
2.06e-10,60,2090.0,61370.600000000166,11950.040000000346
2.06e-10,60,1910.0,61742.79999999998,11173.200000000394
2.06e-10,60,1740.0,62165.19999999986,9786.640000000027
2.06e-10,60,1580.0,62575.39999999985,9125.299999999894
2.06e-10,60,1450.0,62817.40000000001,8214.940000000059
2.06e-10,60,1320.0,62901.40000000001,7636.940000000244
2.06e-10,60,1200.0,63016.200000000055,6718.140000000058
2.06e-10,60,1100.0,63212.80000000047,6181.560000000138
2.06e-10,60,1000.0,63261.20000000019,5505.939999999817
2.06e-10,60,912.0,63457.399999999805,5035.259999999988
2.06e-10,60,832.0,63383.19999999994,4401.140000000051
2.06e-10,60,759.0,63597.00000000013,4101.080000000097
2.06e-10,60,692.0,63495.6000000002,3593.640000000058
2.06e-10,60,631.0,63445.60000000006,3166.024000000145
2.06e-10,60,575.0,63355.59999999995,2679.6420000003222
2.06e-10,60,525.0,63488.60000000001,2574.842000000312
2.06e-10,60,479.0,63574.19999999992,2363.782000000322
2.06e-10,60,437.0,63592.199999999895,2188.2040000003713
2.06e-10,60,398.0,63604.39999999992,1925.4300000005362
2.06e-10,60,363.0,63611.5999999999,1820.39000000053
2.06e-10,60,331.0,63693.79999999991,1423.004000000279
2.06e-10,60,302.0,63682.39999999991,1295.3680000002482
2.06e-10,60,275.0,63693.39999999992,1115.5200000003695
2.06e-10,60,251.0,63693.39999999992,1048.9920000003938
2.06e-10,60,229.0,63685.79999999993,916.7080000003363
2.06e-10,60,209.0,63672.999999999985,882.9300000002486
2.06e-10,60,191.0,63623.00000000016,851.9520000000392
2.06e-10,60,174.0,63600.40000000024,800.6439999996467
2.06e-10,60,158.0,63600.20000000025,724.5679999998596
2.06e-10,60,145.0,63601.40000000024,715.8319999998582
2.06e-10,60,132.0,63611.80000000021,698.0800000001415
2.06e-10,60,120.0,63690.59999999993,700.0380000004469
2.06e-10,60,110.0,63695.199999999895,705.4680000004483
2.06e-10,60,100.0,63698.79999999991,736.718000000524
2.06e-10,60,91.2,63701.39999999991,772.1019999999285
2.06e-10,60,83.2,63710.19999999993,794.3819999999137
2.06e-10,60,75.9,63730.800000000076,833.85199999983
2.06e-10,60,69.2,63781.20000000035,910.5240000001093
2.06e-10,60,63.1,63809.80000000042,990.4220000001504
2.06e-10,60,57.5,63850.200000000164,1079.4860000000738
2.06e-10,60,52.5,63732.200000000186,1689.679999999867
2.06e-10,60,47.9,63914.99999999974,986.1880000003395
2.06e-10,60,43.7,64002.59999999965,1162.800000000334
2.06e-10,60,39.8,64011.59999999975,1628.740000000188
2.06e-10,60,36.3,63984.800000000076,1742.8999999997332
2.06e-10,60,33.1,64161.80000000029,1878.2999999998538
2.06e-10,60,30.2,64279.800000000134,2016.8199999998576
2.06e-10,60,27.5,64419.60000000019,2255.1199999999644
2.06e-10,60,25.1,64556.20000000031,2630.400000000055
2.06e-10,60,22.9,64549.40000000037,2690.0600000000586
2.06e-10,60,20.9,64655.00000000039,2815.920000000091
2.06e-10,60,19.1,64853.200000000266,2996.819999999817
2.06e-10,60,17.4,64960.600000000224,3251.599999999969
2.06e-10,60,15.8,65189.39999999991,3577.58000000024
2.06e-10,60,14.5,65276.00000000018,3798.500000000406
2.06e-10,60,13.2,65400.200000000135,3972.7200000002595
2.06e-10,60,12.0,65731.99999999993,4330.439999999919
2.06e-10,60,11.0,65925.00000000026,4601.91999999995
2.06e-10,60,10.0,66235.19999999959,5046.099999999654
2.06e-10,60,9.12,66445.99999999967,5320.659999999652
2.06e-10,60,8.32,66604.59999999973,5490.0199999993565
2.06e-10,60,7.59,66919.19999999997,5858.899999999497
2.06e-10,60,6.92,67504.40000000026,6434.6399999997
2.06e-10,60,6.31,67617.60000000014,6632.159999999734
2.06e-10,60,5.75,68090.4000000001,7058.440000000234
2.06e-10,60,5.25,68591.40000000011,7492.960000000247
2.06e-10,60,4.79,68954.80000000002,7839.44000000002
2.06e-10,60,4.37,69493.79999999997,8253.860000000004
2.06e-10,60,3.98,70134.19999999994,8766.400000000094
2.06e-10,60,3.63,70373.20000000004,8967.760000000248
2.06e-10,60,3.31,71153.79999999983,9524.420000000151
2.06e-10,60,3.02,71619.79999999984,9833.699999999824
2.06e-10,60,2.75,72635.79999999973,10409.019999999655
2.06e-10,60,2.51,73032.9999999997,10645.7199999998
2.06e-10,60,2.29,73764.19999999965,11081.760000000224
2.06e-10,60,2.09,74287.39999999964,11373.400000000507
2.06e-10,60,1.91,75722.20000000038,12008.600000000124
2.06e-10,60,1.74,76288.60000000028,12265.800000000041
2.06e-10,60,1.58,77178.39999999983,12736.199999999822
2.06e-10,60,1.45,77949.80000000018,13051.80000000028
2.06e-10,60,1.32,78323.20000000007,13223.2000000003
2.06e-10,60,1.2,79725.99999999943,13781.600000000408
2.06e-10,60,1.1,80500.99999999997,14002.599999999782
2.06e-10,60,1.0,81315.3999999998,14279.399999999627
